[
    {
        "pic": "https://images.unsplash.com/photo-1525351326368-efbb5cb6814d?ixid=MnwxMjA3fDB8MHxwaG90by1wYWdlfHx8fGVufDB8fHx8&ixlib=rb-1.2.1&auto=format&fit=crop&w=580&q=80",
        "content": "Ага, опять еда! Квадратная тарелка в квадратном кадре. А на тарелке, наверное, #пирог! Мне было так жаль, что я не могу ее съесть. Я боялась, что они заметят, и если я не съем это, то, значит, они все подумают, что я плохая девочка... Но потом мне вспомнилось, как они на меня смотрели. Когда я была маленькой, на кухне всегда были родители, бабушка, дедушка, дядя Борис... Все вместе. И всегда одна я, потому что все остальные приходили туда лишь изредка. Мне казалось, если бы все ходили на работу, как и я, в этот свой офис, было бы совсем неинтересно."
    },
    {
        "pic": "https://images.unsplash.com/photo-1592660716763-09efba6db4e3?ixid=MnwxMjA3fDB8MHxwaG90by1wYWdlfHx8fGVufDB8fHx8&ixlib=rb-1.2.1&auto=format&fit=crop&w=580&q=80",
        "content": "Вышел #погулять днем, пока все на работе. На улице странные штуки, похожие на колонны, которые кто-то сгрыз – незаметно и аккуратно, так, что даже мусора не осталось. И еще много странного: например, почему-то все птицы летают, как птицы, и, похоже, им это совершенно не мешает. Или вот еще: в траве – как будто следы от чьих-то ног, хотя вроде бы я ходил довольно тихо... На следующий день было совсем пусто. Я вышел #гулять и почувствовал себя очень одиноко. Пошел к остановке. Вокруг было много народу – и все одинаковые. Как будто все они приехали сюда из одного дома и вышли на этом перекрестке после работы, чтобы не возвращаться в свои квартиры."
    },
    {
        "pic": "https://images.unsplash.com/photo-1612450632008-22c2a5437dc1?ixid=MnwxMjA3fDB8MHxwaG90by1wYWdlfHx8fGVufDB8fHx8&ixlib=rb-1.2.1&auto=format&fit=crop&w=580&q=80",
        "content": "Смотрите-ка – ржавые #елки! Раньше на этом месте была свалка старых машин, а потом все засыпали песком. Теперь тут ничего не растет – только ржавые елки , кусты и грязь. Да и не может тут ничего расти: слишком много пыли и песка. Зато теперь стало очень #красиво – все-таки это не свалка."
    },
    {
        "pic": "https://images.unsplash.com/photo-1581235854265-41981cb85c88?ixlib=rb-1.2.1&ixid=MnwxMjA3fDB8MHxwaG90by1wYWdlfHx8fGVufDB8fHx8&auto=format&fit=crop&w=880&q=80",
        "content": "Утром проснулся раньше всех – вижу у бассейна на вешалке висит оранжевое пальто. О, думаю – как это мое пальто за мной забралось так далеко – за целых 5000 километров. Присмотрелся – а это зонтик. И как только успел его сюда притащить! За завтраком сижу напротив своего попутчика, и все не решаюсь спросить его: «Может быть, мы все-таки не попутчики? Может, нам надо разъехаться в разные стороны? Вы не боитесь, что я сейчас сбегу?». Он не боится. Он вообще ничего не боится, кроме одного – когда у него в машине не работает сигнализация. А если она не работает, то он садится в машину и продолжает #гулять своим путем."
    },
    {
        "pic": "https://images.unsplash.com/photo-1570427968906-5a309bfd7de3?ixid=MnwxMjA3fDB8MHxwaG90by1wYWdlfHx8fGVufDB8fHx8&ixlib=rb-1.2.1&auto=format&fit=crop&w=880&q=80",
        "content": "Пурр-пурр! типичная инстарамная фотка с котом , книжкой и едой. Но не буду скрывать, что это я: а то вдруг у вас кот тоже такой, тогда вы не увидите этого в своих фото. #кот #котики #инста #инстаграм #любовькживотным #любимыйкот ... Как же я люблю этот момент, когда ты понимаешь, что ты ничего толком не умеешь делать и даже не знаешь, что с этим делать."
    },
    {
        "pic": "https://images.unsplash.com/photo-1482112252853-a77ee8d9a8cc?ixlib=rb-1.2.1&ixid=MnwxMjA3fDB8MHxwaG90by1wYWdlfHx8fGVufDB8fHx8&auto=format&fit=crop&w=867&q=80",
        "content": "Вот обычная лампочка, которая может стать для тебя новым смыслом жизни."
    },
    {
        "pic": "https://images.unsplash.com/photo-1494548162494-384bba4ab999?ixid=MnwxMjA3fDB8MHxwaG90by1wYWdlfHx8fGVufDB8fHx8&ixlib=rb-1.2.1&auto=format&fit=crop&w=880&q=80",
        "content": "Очень красивый закат. Стоило выбраться из дома, чтобы посмотреть на него! а где ты был?"
    },
    {
        "pic": "https://images.unsplash.com/photo-1494952200529-3ceb822a75e2?ixid=MnwxMjA3fDB8MHxwaG90by1wYWdlfHx8fGVufDB8fHx8&ixlib=rb-1.2.1&auto=format&fit=crop&w=880&q=80",
        "content": "Утром отправились на катере обследовать ближайшие острова – острова в основном каменные, бесполезные и необитаемые. На обратном пути попали в бурю, и нас чуть не унесло в океан. В течение 10 минут наш катер несся к отмели, а потом мы стали дрейфовать между скал, держась за трос. Наконец погода наладилась и мы смогли совершить обратный путь. Когда уже прибыли домой, я попросил, чтобы на следующий день нам устроили на катере экскурсию по морю. Нас провели по морскому дну от одного острова к другому, показали различные интересные объекты, которые встречаются в этом районе."
    }
]